Topics,Year,Start date,End date,Location,Category type,Category,Form,N part,N Female,1,2,3,4,5,6,NA,"total
 (Rel)",%Rel,1,2,3,4,5,6,NA,total (Impr),%Impr,,,,
"Work, Labour Force Statistics, and Labour Force Survey Tools",2015,01/12/2015,1/15/2015,Kathmandu,Country,Country,F,17,0,,,,,,,,0,#DIV/0!,,,,,,,,0,#DIV/0!,,,,
Statistical Business Registers: Making a Business Case for an Operational Statistical  Business Register ,2015,1/26/2015,1/30/2015,Perak,Regional,NA,F,38,18,,,,,,,,0,#DIV/0!,2,,,10,,25,,37,68%,,,,
Planning and Management of Sample Surveys in Afghanistan,2015,3/23/2015,3/27/2015,Chiba,Country,Country,F,3,0,0,,,,,3,,3,100%,,,,,,3,,3,100%,,,,
Intermediate-level 2008 System of National Accounts,2015,04/01/2015,05/07/2015,-,E-learn,NA,EL,75,43,,,,19,,27,,46,59%,,,,,,,,0,#DIV/0!,,,,
Communication and Advocacy for Agricultural and Rural Statistics,2015,4/20/2015,4/24/2015,Bejing,Regional,Agri,F,26,9,,,,14,,12,,26,46%,,,,10,,16,,26,62%,,,,
Statistics and Sustainable Devclopment for the Democratic People's Republic of Korea,2015,4/20/2015,5/15/2015,Philippines,Country,Country,F,10,2,,,,,,,,0,#DIV/0!,,,,,,,,0,#DIV/0!,,,,
Using Stata for manipulating data from population and housing censuses,2015,4/26/2015,05/07/2015,Maldives,Country,Country,F,21,18,0,,,3,,17,,20,85%,,,,3,,17,,20,85%,,,,
Production and Statistical Analysis of Monitoring Indicators in Support of Inclusive Development Policies,2015,5/18/2015,6/26/2015,Chiba,JICA,FOS,B,23,9,3,,,7,,12,1,22,55%,1,,,8,,14,,23,61%,,,,
"Statistical Data Analysis: Getting Census 2014 Data Edited, Tabulated and Analysed",2015,5/31/2015,07/04/2015,Maldives,Country,Country,B,22,19,0,,,9,,5,,14,36%,,,,6,,8,,14,57%,,,,
Basic-Level System of National Accounts (2008 SNA): Integrated Transaction Accounts,2015,06/08/2015,07/10/2015,-,E-learn,NA,EL,58,33,1,,,17,,18,,36,50%,,,,,,,,0,#DIV/0!,,,,
"Statistics on Informality: Informal economy, work and employment",2015,07/06/2015,07/10/2015,Chiba,Regional,POS,F,22,12,,,,8,,14,,22,64%,,,,2,,20,,22,91%,,,,
Statistical Literacy: Increasing Effective Use of Agricultural and Rural Statistics,2015,7/13/2015,7/17/2015,Daejeon,Regional,Agri,F,18,7,,,,4,,14,,18,78%,,,,2,,16,,18,89%,,,,
Improving Capability in Producing Official Statistics Relating to MDGs Indicators,2015,8/17/2015,12/18/2015,Chiba,JICA,FOS,B,26,12,,,,9,,17,,26,65%,,,,6,,20,,26,77%,,,,
SNA 2008 Special Topics:  Improving Exhaustiveness of GDP Coverage,2015,8/31/2015,09/04/2015,Daejeon,Regional,NA,F,18,7,,,,7,,11,,18,61%,,,,3,,15,,18,83%,,,,
Improving Use of Administrative Data in Production of Official Statistics: Role of Statistical Register Systems,2015,09/12/2015,9/16/2015,Tehran,Regional,methodology,B,21,10,,,,6,,7,,13,54%,,,,3,,10,,13,77%,,,,
Measuring the Informal Sector and the Non-Observed Economy,2015,10/04/2015,10/07/2015,Tehran,Regional,NA,F,18,10,,,,11,,6,1,17,35%,2,,,13,,3,,18,17%,,,,
System of National Accounts (2008 SNA): Integrated Transaction Accounts,2015,10/22/2015,11/23/2015,-,E-learn,NA,EL,75,44,3,,,43,,26,,72,36%,,,,,,,,0,#DIV/0!,,,,
System of Environmental-Economic Accounting Central Framework for Asian and Pacific Countries (SEEA),2015,10/27/2015,12/18/2015,-,E-learn,Envi,EL,92,41,,,,,,,,0,#DIV/0!,,,,,,,,0,#DIV/0!,,,,
Intermediate-level e-learning Course on System of National Accounts (SNA): Integrated Transaction Accounts ,2015,11/01/2015,12/11/2015,-,E-learn,NA,EL,43,32,,,,18,,21,,39,54%,,,,,,,,0,#DIV/0!,,,,
Sampling Methods for Producing Core Data Items for Agricultural and Rural Statistics,2015,11/09/2015,11/20/2015,Jakarta,Regional,Agri,F,25,9,,,,13,,12,,25,48%,1,,,8,,16,,25,64%,,,,
National Strategy for the Development of Statistics (NSDS),2015,11/17/2015,11/19/2015,Chiba,Regional,management,F,8,4,,,,2,,6,,8,75%,1,,,2,,5,,8,63%,,,,
Management Seminar for the Heads of National Statistical Offices in Asia and the Pacific: Managing Key Stakeholder Relationships,2015,12/02/2015,12/03/2015,Tokyo,Regional,management,F,50,11,,,,,,,,0,#DIV/0!,1,,,4,,34,2,39,87%,,,,
Statistical Data Analysis: Thematic Analysis of Population and Housing Census Data; with focus on education,2015,12/20/2015,12/24/2015,Maldives,Country,Country,F,18,18,0,,,4,,10,,14,71%,,,,4,,10,,14,71%,,,,
System of Environmental-Economic Accounting (SEEA) Central Framework for Asia and the Pacific,2016,2/23/2016,2/26/2016,Chiba,Regional,Envi,F,32,16,1,,,16,,15,,32,47%,,,,13,,18,1,31,58%,,,,
Training of Trainers for Official Statistics ,2016,2/29/2016,03/03/2016,Chiba,Regional,management,F,24,7,,,,6,,16,2,22,73%,,,,9,,13,2,22,59%,,,,
Basic-Level System of National Accounts (2008 SNA): Integrated Transaction Accounts,2016,3/14/2016,4/15/2016,-,E-learn,NA,EL,91,60,3,,,39,,43,3,85,51%,6,,,46,,36,,88,41%,,,,
Production and Statistical Analysis of Monitoring Indicators in Support of Inclusive Development Policies,2016,5/16/2016,6/24/2016,Chiba,JICA,FOS,B,28,12,,,,12,,16,,28,57%,,,,9,,19,,28,68%,,,,
Intermediate-level 2008 System of National Accounts,2016,5/16/2016,6/27/2016,-,E-learn,NA,EL,60,32,1,,,21,,34,,56,61%,2,,,25,,29,,56,52%,,,,
Communication and Advocacy for Agricultural and Rural Statistics,2016,6/27/2016,07/01/2016,Daejeon,Regional,Agri,F,22,11,,,,9,,12,1,21,57%,1,,,3,,16,2,20,80%,,,,
Computer-Assisted Personal Interviewing (CAPI) Training,2016,07/11/2016,7/15/2016,New Delhi,Country,Country,F,24,9,4,,,6,,13,1,23,57%,,,,,,,,0,#DIV/0!,,,,
System of National Accounts (2008 SNA): Integrated Transaction Accounts,2016,8/15/2016,9/16/2016,-,E-learn,NA,EL,87,65,,,,30,,48,,78,62%,1,,,39,,38,,78,49%,,,,
SNA 2008 (Special Topics):  Improving Exhaustiveness of GDP Coverage,2016,8/22/2016,8/30/2016,Daejeon,Regional,NA,F,20,10,2,,,6,,12,,20,60%,,,,10,,10,,20,50%,,,,
Improving Capability in Producing Official Statistics for Monitoring the Post-2015 Sustainable Development Goals ,2016,8/22/2016,12/16/2016,Chiba,JICA,FOS,B,20,10,,,,7,,9,3,16,56%,,,,1,,15,3,16,94%,,,,
Computer Assisted Personal Interviewing (CAPI) for Agricultural Surveys and Price Reporting,2016,09/05/2016,09/09/2016,New Caledonia ,Country,Country,F,12,3,,,,4,,8,,12,67%,,,,4,,8,,12,67%,,,,
Data and Statistics for Sustainable Development Goals (SDGs),2016,09/05/2016,09/09/2016,Greater Noida/India,Subregional,management,F,29,8,1,,,2,,20,1,23,87%,2,,,5,,16,1,23,70%,,,,
System of Environmental-Economic Accounting (SEEA)  for Asia Pacific Small Island Developing States ,2016,9/14/2016,9/16/2016,Fiji,Regional,Envi,F,22,9,,,,,,,,0,#DIV/0!,,,,,,,,0,#DIV/0!,,,,
Data and Statistics for Sustainable Development Goals (SDGs),2016,9/26/2016,9/30/2016,Almaty,Subregional,management,F,28,12,,,,4,,8,2,12,67%,,,,2,,8,4,10,80%,,,,
Computer Assisted Personal Interviewing/Data collection (CAPI) ,2016,10/03/2016,10/07/2016,Bangkok,Regional,Agri,F,22,9,,,,9,,9,4,18,50%,1,,,4,,12,5,17,71%,,,,
Sampling Methods for Producing Core Data Items for Agricultural and Rural Statistics,2016,10/10/2016,10/21/2016,Jakarta,Regional,Agri,F,25,15,3,,,6,,16,,25,64%,2,,,5,,16,2,23,70%,,,,
Intermediate-level e-Learning Course on 2008 System of National Accounts,2016,10/26/2016,12/09/2016,-,E-learn,NA,EL,42,26,1,,,14,,25,,40,63%,2,,,14,,24,,40,60%,,,,
Statistical Business Register for Developing Countries,2016,11/07/2016,11/11/2016, Chiba,Regional,NA,F,14,10,,,,4,,7,3,11,64%,1,,,4,,5,4,10,50%,,,,
"Transition towards Sustainable Agriculture in the context of the 2030 Agenda for Sustainable Development – Strategic Implementation, Follow Up and Review",2016,11/15/2016,11/16/2016,Bogor ,Regional,management,F,19,7,,,,8,,11,1,19,58%,1,,,5,,9,5,15,60%,,,,
National Strategy for the Development of Statistics (NSDS),2016,11/15/2016,11/17/2016,Chiba,Regional,management,F,5,3,,,,2,,3,,5,60%,,,,2,,3,,5,60%,,,,
Cost of Production for Agricultural Statistics,2016,11/21/2016,11/25/2016,Daejeon,Regional,Agri,F,20,8,,,,5,,15,,20,75%,,,,3,,17,,20,85%,,,,
Applying ICT Innovation for Modernizing Official Statistical Systems ,2017,1/23/2017,03/03/2017,Chiba,JICA,FOS,F,11,3,1,,,5,,5,,11,45%,1,,,5,,5,,11,45%,,,,
Statistical Leadership Training for Heads of NSOs,2017,2/14/2017,2/15/2017,Chiba,Regional,management,F,8,3,,,,,,8,,8,100%,,,,2,,6,,8,75%,,,,
Basic-level System of National Accounts (2008 SNA): Integrated Transaction Accounts ,2017,3/13/2017,4/14/2017,-,E-learn,NA,EL,156,111,1,,,79,,73,3,153,48%,6,,,94,,53,3,153,35%,,,,
Training of Trainers for Official Statistics,2017,3/21/2017,3/24/2017,Chiba,Regional,management,F,16,5,,,,2,,14,,16,88%,1,,,3,,11,1,15,73%,,,,
Computer Assisted Personal Interviewing (CAPI) for Surveys/Censuses,2017,3/27/2017,04/07/2017,Fiji,Subregional,Agri,F,17,10,,,,3,,14,,17,82%,,,,8,,9,,17,53%,,,,
Integrated Economic Statistics to support 2008 SNA implementation,2017,4/18/2017,4/21/2017,Bangkok,Regional,NA,F,15,6,,,,5,,8,2,13,62%,,,,5,,8,2,13,62%,,,,
Production and Statistical Analysis of Monitoring Indicators in Support of Inclusive Development Policies 2017 ,2017,5/15/2017,07/07/2017,Chiba,JICA,FOS,B,10,6,,,,6,,4,,10,40%,,,,3,,7,,10,70%,,,,
Data and Statistics for Sustainable Development Goals (SDGs) for High-Level Official Statisticians,2017,5/30/2017,5/31/2017,Baku,Subregional,management,F,14,6,1,,,20,,11,,32,34%,2,,,19,,8,3,29,28%,,,,
Intermediate-level System of National Accounts (SNA): Integrated Transaction Accounts ,2017,06/12/2017,7/21/2017,-,E-learn,NA,EL,91,64,1,,,45,,40,5,86,47%,4,,,56,,26,5,86,30%,,,,
"Costs of Agricultural Production Statistics, Communication and Advocacy for Statistics",2017,6/26/2017,6/30/2017,Daejeon,Regional,Agri,F,20,10,1,,,10,,9,,20,45%,1,,,9,,9,1,19,47%,,,,
Computer Assisted Personal Interviewing (CAPI): Electronic capture of data for agricultural and rural statistics,2017,7/31/2017,08/04/2017,Chiba,Regional,Agri,F,30,17,1,,,13,,16,,30,53%,3,,,10,,15,2,28,54%,,,,
Improving Capability in Producing Official Statistics  for Monitoring the Post-2015 Sustainable Development Goals,2017,8/21/2017,12/15/2017,Chiba,JICA,FOS,B,26,11,,,,8,,15,3,23,65%,,,,9,,13,4,22,59%,,,,
Short-term economic indicators and service statistics to support 2008 SNA implementation ,2017,9/25/2017,9/27/2017,Chiba,Regional,NA,F,19,12,2,,,6,,11,,19,58%,1,,,5,,11,2,17,65%,,,,
Developing Statistical Quality System at CAPMAS,2017,10/05/2017,10/06/2017,Chiba,Country,Country,F,11,4,,,,,,,,0,#DIV/0!,,,,,,,,0,#DIV/0!,,,,
System of Environmental-Economic Accounting (SEEA) Central Framework,2017,10/09/2017,11/10/2017,-,E-learn,Envi,EL,210,143,5,,,132,,65,8,202,32%,15,,,115,,72,,202,36%,,,,
"Informality: Definitions, Measurement, SDGs and Other Policy Indicators ",2017,10/16/2017,10/20/2017,Chiba,Regional,POS,F,25,15,,,,6,,18,1,24,75%,,,,7,,16,2,23,70%,,,,
National Strategy for the Development of Statistics (NSDS)  ,2017,11/07/2017,11/09/2017,Chiba,Regional,management,F,10,6,,,,2,,8,,10,80%,,,,1,,9,,10,90%,,,,
Informal Sector Statistics ,2017,11/14/2017,11/15/2017,Bangkok,Regional,NA,F,11,5,,,,4,,14,,18,78%,,,,1,,17,,18,94%,,,,
New Supply Utilization Account/Food Balance Sheet Methodology and Compilation Tool ,2017,11/20/2017,11/24/2017,Daejeon,Regional,Agri,F,24,12,1,,,12,,11,,24,46%,1,,,9,,14,,24,58%,,,,
Climate Change-Related Statistics,2017,11/27/2017,12/01/2017,Chiba,Regional,Envi,F,8,2,,,,3,,5,,8,63%,1,,,5,,2,,8,25%,,,,
Management Seminar for the Heads of National Statistical Offices in Asia and the Pacific,2017,12/06/2017,12/07/2017,Tokyo,Regional,management,F,44,17,2,,,14,,15,,31,48%,4,,,11,,13,3,28,46%,,,,
Statistical Business Registers: Making better use of administrative data ,2017,12/10/2017,12/13/2017,Tehran,Regional,NA,F,31,12,2,,,8,,18,3,28,64%,4,,,13,,11,3,28,39%,,,,
Integrated Economic Statistics to Support 2008 SNA Implementation,2018,2/19/2018,3/16/2018,-,E-learn,NA,EL,1150,693,21,,,609,,469,24,1099,43%,71,,,665,,390,24,1126,35%,,,,
Developing Statistical Quality System at CAPMAS,2018,2/23/2018,2/23/2018,Chiba,Country,Country,F,13,4,,,,,,,,0,#DIV/0!,,,,,,,,0,#DIV/0!,,,,
Price Statistics,2018,03/01/2018,04/10/2018,-,E-learn,NA,EL,260,157,2,,,127,,121,10,250,48%,19,,,123,,108,10,250,43%,,,,
Statistical Leadership Training of Heads of NSOs,2018,3/27/2018,3/28/2018,Chiba,Regional,management,F,7,1,,,, ,1,6,,7,100%,,,,,,7,,7,100%,,,,
Agricultural Costs of Production Statistics,2018,4/23/2018,4/27/2018,Daejeon,Regional,Agri,F,14,8,,,,,6,7,1,13,100%,,,,2,,11,1,13,85%,,,,
Quality on Statistics for Sustainable Development Goal (SDG) Indicators,2018,4/23/2018,4/27/2018,Chiba,Regional,management,F,20,11,,,1,1,6,12,,20,90%,,,,5,,15,,20,75%,,,,
Introduction to Official Statistics,2018,05/09/2018,06/05/2018,-,E-learn,FOS,EL,88,59,0,,,22,,51,15,73,70%,3,,,27,,43,15,73,59%,,,,
"Statistical Business Registers: Data sources, maintenance and quality assurance",2018,5/21/2018,5/25/2018,Perak ,Regional,NA,B,31,20,1,,1,3,12,14,,31,84%,,,,2,13,15,1,30,93%,,,,
Food balance sheets,2018,5/21/2018,6/14/2018,-,E-learn,Agri,EL,97,63,3,,,47,,43,4,93,46%,2,,,40,,51,4,93,55%,,,,
Statistical Analysis of Disaggregated SDG Indicators for Inclusive Development Policies,2018,5/21/2018,7/13/2018,Chiba,JICA,FOS,B,17,9,,,,12,,5,,17,29%,1,,,8,,8,,17,47%,,,,
Introduction to Official Statistics,2018,6/19/2018,7/18/2018,-,E-learn,FOS,EL,137,103,2,,,38,,87,10,127,69%,3,,,56,,68,10,127,54%,,,,
Big Data for Sustainable Development,2018,6/25/2018,6/29/2018,Daejeon,Regional,methodology,B,20,12,,,,2,5,13,,20,90%,,,,,7,13,,20,100%,,,,
Introduction to Official Statistics,2018,08/06/2018,09/05/2018,-,E-learn,FOS,EL,124,84,2,3,1,11,44,30,,90,82%,2,2,1,11,47,27,,90,82%,,,,
Sampling Methods for Producing Core Data Items for Agricultural and Rural Statistics,2018,8/13/2018,8/17/2018,Suva,Subregional,Agri,F,16,5,,,,1,5,10,,16,94%,,,,,7,9,,16,100%,,,,
Theory and Practices in Official Statistics for Monitoring Sustainable Development Goals (SDGs),2018,8/27/2018,12/07/2018,"Chiba, Japan",JICA,FOS,B,23,11,0,0,0,1,12,4,0,17,94%,0,0,0,4,8,5,0,17,76%,,,,
Climate Change Related Statistics and the System of Environmental-Economic Accounting for Pacific Island Countries,2018,9/17/2018,9/21/2018,Nadi,Subregional,Envi,F,19,10,,,,1,2,16,,19,95%,,,,,3,15,,18,100%,,,,
Education-Related SDG indicators,2018,10/15/2018,10/19/2018,"Daejeon, Republic of Korea",Regional,POS,F,20,9,1,0,0,1,2,4,0,8,75%,1,0,0,1,4,2,0,8,75%,,,,
Measurement of Post-Harvest Losses in Asia and the Pacific,2018,10/22/2018,10/24/2018,"Chiba, Japan",Regional,Agri,F,18,7,1,0,0,1,9,7,0,18,89%,1,0,0,1,9,7,0,18,89%,,,,
Poverty Statistics for SDGs,2018,11/01/2018,11/30/2018,-,E-learn,POS,EL,597,372,4,4,6,77,330,108,0,529,83%,3,4,5,96,339,82,0,529,80%,,,,
National Strategy for the Development of Statistics (NSDS) and Advanced Data Planning Tool (ADAPT),2018,11/06/2018,11/09/2018,"Chiba, Japan",Regional,management,F,18,8,0,0,0,2,8,6,0,16,88%,0,0,1,2,7,6,0,16,81%,,,,
Gender statistics,2018,11/12/2018,11/16/2018,"Chiba, Japan",Regional,POS,F,14,10,0,1,0,0,6,7,,14,93%,0,0,0,2,8,4,,14,86%,,,,
SDG Indicators: Measuring decent work in the context of the SDGs,2018,11/19/2018,11/22/2018,"Chiba, Japan",Regional,POS,F,32,17,0,0,0,1,13,13,0,27,96%,0,0,0,2,21,4,0,27,93%,,,,
"SDG Indicators under FAO Custodianship, Chiba, Japan",2018,11/26/2018,11/30/2018,"Chiba, Japan",Regional,Agri,F,26,10,0,0,0,1,9,14,0,24,96%,0,0,1,2,14,7,0,24,88%,,,,
"Gender Statistics and SDG Indicators 5.a.1 and 5.a.2, Bangkok, Thailand",2018,12/10/2018,12/13/2018,"Bangkok, Thailand",Regional,Agri,F,25,11,1,0,0,3,5,4,0,13,69%,0,1,0,4,5,3,0,13,62%,,,,
Innovation in Use of New Data Sources and Methodologies for SDG Statistics,2019,1/28/2019,03/08/2019,"Chiba, Japan",JICA,FOS,F,9,4,,,,1,1,7,,9,89%,,,,1,4,4,,9,89%,,,,
Big Data for Sustainable Development,2019,4/15/2019,4/19/2019,"Daejeon, Republic of Korea",Regional,methodology,F,25,7,,,,4,11,3,,18,78%,,,,3,12,3,,18,83%,,,,
Official Statistics for SDGs,2019,05/01/2019,5/31/2019,-,E-learn,FOS,EL,198,125,2,1,3,16,84,69,,175,87%,,,4,29,97,45,,175,81%,,,,
Quality of Statistics for SDG Indicators,2019,5/13/2019,5/15/2019,"Chiba, Japan",Regional,management,F,17,7,,,,,11,6,,17,100%,,,,2,10,5,,17,88%,,,,
Statistical Analysis of Disaggregated SDG Indicators for Inclusive Development Policies,2019,06/03/2019,07/12/2019,"Chiba, Japan",JICA,FOS,B,21,9,,,,5,13,3,,21,76%,,,3,6,10,2,,21,57%,,,,
Fisheries and Aquaculture Statistics,2019,07/01/2019,08/07/2019,-,E-learn,Agri,EL,81,50,1,0,5,16,35,14,,71,69%,,,3,21,38,5,,67,64%,,,,
Theory and Practices in Offical Statistics for Monitoring Sustainable Development Goals (SDGs),2019,8/19/2019,11/29/2019,"Chiba, Japan",JICA,FOS,B,9,4,,,,,3,6,,9,100%,,,,,3,6,,9,100%,,,,
Environment Statistics and the System of Environmental-Economic Accounting for SDGs,2019,09/02/2019,09/06/2019,"Chiba, Japan",Regional,Envi,F,17,10,,,1,,5,7,,13,92%,,,,,7,6,,13,100%,,,,
Basic-level System of National Accounts (2008 SNA): Integrated Transaction Accounts,2019,09/02/2019,10/04/2019,-,E-learn,NA,EL,537,358,1,1,6,22,309,131,,470,94%,1,3,18,51,349,48,,470,84%,,,,
Statistical Leadership Training and Innovation Seminar for Heads of National Statistical Offices,2019,09/10/2019,09/12/2019,"Chiba, Japan",Regional,management,F,8,4,1,,,,3,4,,8,88%,,,,2,4,2,,8,75%,,,,
SDGs Indicators: Measuring decent work using microdata from labour force surveys,2019,9/30/2019,10/04/2019,"Chiba, Japan",Regional,POS,F,21,10,,,,1,4,15,,20,95%,,,,2,9,9,,20,90%,,,,
Labour Accounts,2019,10/14/2019,10/18/2019,"Perak, Malaysia",Country,Country,F,29,19,,,,4,12,6,,22,82%,,,,4,14,4,,22,82%,,,,
Population and Housing Censuses: International Recommendations and Use of Emerging Technologies and Methodologies,2019,10/14/2019,10/18/2019,"Perak, Malaysia",Country,Country,F,23,20,,,,,10,4,,14,100%,,,,1,11,2,,14,93%,,,,
Farm Survey Based SDG Indicators,2019,10/21/2019,10/24/2019,"Chiba, Japan",Regional,Agri,F,32,15,,,,,18,10,,28,100%,,,,1,20,7,,28,96%,,,,
Poverty Statistics for SDGs,2019,11/01/2019,11/29/2019,-,E-learn,POS,EL,104,61,,1,,1,39,29,,70,97%,,,,2,58,10,,70,97%,,,,
Data Visualization Training,2019,11/06/2019,11/08/2019,"Chiba, Japan",Regional,methodology,F,23,8,,,,,8,10,,18,100%,,,,,11,7,,18,100%,,,,
National Strategy for the Development of Statistics (NSDS) and Advanced Data Planning Tool (ADAPT),2019,11/11/2019,11/14/2019,"Chiba, Japan",Regional,management,F,23,7,,,,2,8,7,,17,88%,,,,1,10,6,,17,94%,,,,
Monitoring the SDGs from Gender Perspectives,2019,11/18/2019,11/22/2019,"Daejeon, Republic of Korea",Regional,POS,F,17,12,,,,,,10,,10,100%,,,,,4,6,,10,100%,,,,
Management Seminar for the Heads of National Statistical Offices in Asia and the Pacific,2019,12/11/2019,12/12/2019,"Chiba, Japan",Regional,management,F,64,26,,,,,14,10,,24,100%,,,,6,12,6,,24,75%,,,,
Supply and Use Table,2020,1/20/2020,1/24/2020,"Chiba, Japan",,NA,F,24,14,0,0,0,2,11,15,,28,93%,0,0,0,0,20,8,,28,100%,,,,
Official Statistics for SDGs,2020,03/09/2020,04/07/2020,-,E-learn,FOS,EL,719,456,3,4,4,32,469,141,,653,93%,4,6,10,36,498,156,,710,92%,,,,
Introduction to the System of Environmental Economic Accounting (SEEA) - Central Framework,2020,04/06/2020,5/15/2020,-,E-learn,Envi,EL,482,324,2,3,0,24,347,96,10,472,94%,3,9,9,50,351,50,,472,85%,,,,
Health Statistics for Monitoring SDGs,2020,5/18/2020,06/12/2020,-,E-learn,POS,EL,410,272,3,1,2,18,258,138,,420,94%,1,2,6,23,293,95,,420,92%,,,,
Intermediate-level on System of National Accounts (SNA): Integrated Transaction Accounts,2020,6/29/2020,8/31/2020,-,E-learn,NA,EL,57,36,0,1,0,0,30,19,7,50,98%,0,1,0,5,35,9,7,50,88%,,,,
Metadata training (remote learning) for the United Republic of Tanzania,2020,7/20/2020,7/21/2020,-,Webinar,methodology,EL,28,13,,,,,,,,0,#DIV/0!,,,,,,,,0,#DIV/0!,,,,
Metadata training (remote learning) for Nepal,2020,7/27/2020,08/03/2020,-,Webinar,methodology,EL,14,0,,,,,,,,0,#DIV/0!,,,,,,,,0,#DIV/0!,,,,
Compiling National Metadata for the Sustainable Development Goals,2020,08/10/2020,09/11/2020,-,E-learn,methodology,EL,385,252,0,1,3,8,197,76,100,285,96%,0,0,3,7,196,79,100,285,96%,,,,
Webinar Session on “Challenges of Measuring the Mortality of COVID-19 Pandemic”,2020,8/20/2020,8/20/2020,-,Webinar,POS,EL,44,28,,,,,,,,0,#DIV/0!,,,,,,,,0,#DIV/0!,,,,
Metadata training (remote learning) for Bangladesh,2020,09/09/2020,9/17/2020,-,Webinar,methodology,EL,27,10,,,,,,,,0,#DIV/0!,,,,,,,,0,#DIV/0!,,,,
Introduction to Energy Statistics and Energy Accounts,2020,9/14/2020,10/16/2020,-,E-learn,Envi,EL,135,92,1,0,0,6,68,28,,103,93%,0,0,1,16,69,17,,103,83%,,,,
Crime Statistics from a Gender Perspective,2020,10/26/2020,11/27/2020,-,E-learn,POS,EL,216,139,2,2,5,13,118,45,,185,88%,3,1,3,19,114,45,,185,86%,,,,
National Strategy for the Development of Statistics (NSDS) and Advanced Data Planning Tool (ADAPT),2020,11/24/2020,11/27/2020,-,Webinar,management,W,37,24,0,0,1,1,13,11,,26,92%,0,0,1,5,19,1,,26,77%,,,,
International Accounts,2020,11/24/2020,12/31/2020,-,E-learn,NA,EL,55,34,0,0,0,4,33,7,,44,91%,1,0,0,2,36,5,,44,93%,,,,
Management Seminar for the Heads of National Statistical Offices in Asia and the Pacific,2020,12/03/2020,12/04/2020,-,Webinar,management,W,76,33,0,1,0,0,7,9,,17,94%,0,0,1,2,9,5,,17,82%,,,,
Compiling Climate Change Indicators: an Accounting Approach,2021,01/06/2021,02/12/2021,-,E-learn,Envi,EL,467,279,6,2,10,5,235,70,,328,93%,6,4,8,19,197,94,,328,89%,,,,
Training of Trainers on Telephone Surveys,2021,01/12/2021,1/28/2021,-,E-learn,FOS,EL,20,13,0,0,1,2,11,5,,19,84%,0,0,2,4,12,1,,19,68%,,,,
Principles of Data Visualization for Official Statistics and SDG Indicators ,2021,1/13/2021,03/03/2021,-,E-learn,methodology,EL,163,107,1,0,1,2,82,62,,148,97%,1,0,1,10,90,46,,148,92%,,,,
Health Statistics for Monitoring SDGs 【Russian】,2021,2/18/2021,2/28/2021,-,E-learn,POS,EL,37,33,,,,,,,,,,,,,,,,,,,,,,
Disaster Related Statistics Framework,2021,2/22/2021,04/09/2021,-,E-learn,Envi,EL,101,71,0,1,3,5,41,10,,60,85%,1,1,1,4,42,11,,60,88%,,,,
Compiling National Metadata for the Sustainable Development Goals,2021,3/22/2021,4/28/2021,-,E-learn,methodology,EL,109,67,1,0,0,3,97,36,,137,97%,0,0,3,13,98,23,,137,88%,,,,
Data Sharing Agreements and Metadata Training for Bangladesh,2021,04/06/2021,04/08/2021,-,Webinar,Country,W,75,12,,,,,,,,0,#DIV/0!,,,,,,,,0,#DIV/0!,,,,
Introductory Course on Labour Accounts,2021,04/12/2021,05/07/2021,-,E-learn,POS,EL,48,22,0,0,0,6,26,6,,38,84%,0,0,3,6,25,4,,38,76%,,,,
Data Sharing Agreements and Metadata Training for Zimbabwe,2021,4/15/2021,4/16/2021,-,Webinar,Country,W,7,1,,,,,,,,0,#DIV/0!,,,,,,,,0,#DIV/0!,,,,
Data Sharing and Metadata for the SDGs for Cambodia,2021,4/28/2021,4/30/2021,-,Webinar,Country,W,88,24,,,,,,,,0,#DIV/0!,,,,,,,,0,#DIV/0!,,,,
Refresher Course on Metadata for the SDGs for Nepal,2021,05/10/2021,05/12/2021,-,Webinar,Country,W,12,2,,,,,,,,0,#DIV/0!,,,,,,,,0,#DIV/0!,,,,
Official Statistics for SDGs 【Russian】 ,2021,05/10/2021,5/31/2021,-,E-learn,FOS,EL,48,36,,,,,,,,,,,,,,,,,,,,,,
In-depth Training on Water Accounts,2021,05/10/2021,6/18/2021,-,E-learn,Envi,EL,131,74,3,4,3,3,73,21,,107,88%,1,1,2,10,75,18,,107,87%,,,,
Training of Trainers on Gender Statistics for Monitoring the SDGs,2021,05/10/2021,6/30/2021,-,E-learn,POS,EL,7,5,,,,,4,3,,7,100%,,,,1,4,2,,7,86%,,,,
Metadata and Data Sharing Training for Lao PDR,2021,05/12/2021,5/14/2021,-,Webinar,Country,EL,33,13,,,,,,,,0,#DIV/0!,,,,,,,,0,#DIV/0!,,,,
Developing National Indicator Frameworks for SDGs Monitoring,2021,5/24/2021,6/25/2021,-,E-learn,methodology,EL,94,60,2,1,0,3,56,27,,89,93%,2,1,2,6,58,20,,89,88%,,,,
Metadata and Data Sharing Training for Viet Nam,2021,5/25/2021,5/26/2021,-,Webinar,Country,W,13,11,,,,,,,,0,#DIV/0!,,,,,,,,0,#DIV/0!,,,,
Basic-Level e-Learning Course on System of National Accounts (2008 SNA): Integrated Transaction Accounts 【Russian】,2021,7/19/2021,08/09/2021,-,E-learn,NA,EL,58,42,,,,,,,,,,,,,,,,,,,,,,
International Accounts,2021,7/19/2021,8/27/2021,-,E-learn,NA,EL,131,82,0,0,1,6,83,27,,117,94%,0,0,2,9,87,19,,117,91%,,,,
Solid Waste Accounting,2021,7/26/2021,8/20/2021,-,E-learn,Envi,EL,75,38,1,0,0,1,44,23,,69,97%,0,0,2,9,48,10,,69,84%,,,,
Disaster Related Statistics Framework for Indonesia,2021,7/26/2021,09/03/2021,-,Webinar,Country,W,101,60,2,0,0,2,68,21,,93,96%,0,0,6,13,60,14,,93,80%,,,,
Using Big Data for Gender Statistics for the Pacific,2021,7/29/2021,08/04/2021,-,Webinar,POS,W,42,29,0,0,0,4,8,5,,17,76%,0,0,1,10,6,0,,17,35%,,,,
Energy Statistics and Energy Accounts,2021,8/30/2021,10/01/2021,-,E-learn,Envi,EL,554,335,5,8,6,19,323,68,,429,91%,12,3,10,36,260,108,,429,86%,,,,
Intermediate Level e-Learning Course on System of National Accounts (2008 SNA): Integrated Transaction Accounts 【Russian】,2021,09/01/2021,9/27/2021,-,E-learn,NA,EL,55,48,,,,,,,,,,,,,,,,,,,,,,
Foundational Course on Statistical Business Register,2021,9/27/2021,11/12/2021,-,E-learn,NA,EL,62,36,1,0,0,6,44,12,,63,89%,0,0,0,6,44,12,,62,90%,,,,
Webinar Series on Selected Topics in Environmental-Economic Accounting,2021,10/12/2021,10/14/2021,-,Webinar,Envi,W,59,35,,,,,,,,,,,,,,,,,,,,,,
Theory and Practices in Offical Statistics for Monitoring Sustainable Development Goals (SDGs),2021,10/18/2021,12/10/2021,-,E-learn,FOS,EL,15,6,0,0,0,3,7,2,,12,75%,0,0,0,3,8,1,,12,75%,,,,
SDG 9,2021,11/08/2021,12/10/2021,-,E-learn,NA,EL,37,21,0,0,0,4,17,13,,34,88%,0,0,0,2,19,13,,34,94%,,,,
Machine Learning on Official Statistics for SDGs,2021,11/08/2021,12/24/2021,-,E-learn,methodology,EL,343,173,11,2,6,16,214,68,,317,89%,12,6,12,29,173,85,,317,81%,,,,
Webinar Series on Selected Topics in National Accounts,2021,11/24/2021,11/26/2021,-,Webinar,NA,W,36,32,,,,,,,,,,,,,,,,,,,,,,
Management Seminar for the Heads of National Statistical Offices in Asia and the Pacific,2021,11/30/2021,12/01/2021,-,Webinar,management,W,81,38,0,0,0,2,13,3,,18,89%,0,0,0,8,10,0,,18,56%,,,,
Compiling Climate Change Indicators: an Accounting Approach,2022,01/10/2022,2/18/2022,-,E-learn,Envi,EL,236,130,7,4,4,26,69,90,,200,80%,7,4,1,18,84,86,,200,85%,,,,
Principles of Data Visualization for Official Statistics and SDG Indicators ,2022,1/24/2022,03/11/2022,-,E-learn,methodology,EL,210,128,4,1,0,20,77,99,,201,88%,4,1,1,18,89,88,,201,88%,,,,
Crime Statistics from a Gender Perspective,2022,2/14/2022,03/11/2022,-,E-learn,POS,EL,232,156,9,1,3,37,83,77,,210,76%,7,0,4,30,90,79,,210,80%,,,,
Measuring Material Flows in the SDGs,2022,03/07/2022,04/01/2022,-,E-learn,Envi,EL,320,186,16,3,7,27,118,110,,281,81%,17,2,4,30,117,111,,281,81%,,,,
SDMX Foundation,2022,3/28/2022,05/08/2022,-,E-learn,NA,EL,433,228,,,,,,,,0,#DIV/0!,,,,,,,,0,#DIV/0!,,,,
Ecosystem Account,2022,04/11/2022,6/19/2022,-,E-learn,Envi,EL,565,349,31,4,8,32,194,233,,502,85%,26,4,10,52,209,201,,502,82%,,,,
Early Childhood Development Index,2022,5/18/2022,5/19/2022,-,Webinar,POS,W,119,64,1,1,0,4,24,29,,59,90%,1,1,0,6,30,21,,59,86%,,,,
Health Statistics for Monitoring SDGs - 2022,2022,07/04/2022,08/12/2022,-,E-learn,POS,EL,402,243,18,1,15,33,175,160,,402,83%,16,4,9,41,180,152,,402,83%,,,,
System of Environmental Economic Accounting – Central Framework,2022,09/01/2022,10/07/2022,-,E-learn,Envi,EL,480,314,31,3,9,46,211,174,,474,81%,27,0,9,45,231,162,,474,83%,,,,
Training of Trainers: Improving Facilitation Skills,2022,9/17/2022,9/30/2022,-,Webinar,management,W,12,8,0,0,0,1,3,7,,11,91%,0,0,0,0,4,7,,11,100%,,,,
e-learning course on Foundational course on Statistical Business Register,2022,9/26/2022,11/11/2022,-,E-learn,NA,EL,48,24,0,0,0,7,18,21,,46,85%,0,0,3,11,18,14,,46,70%,,,,
Producing and Using Gender Statistics to Monitor the SDGs and Implement the Pacific Roadmap for Kiribati,2022,9/26/2022,9/30/2022,Kiribati,Country,POS,F,27,22,,,,,,,,0,#DIV/0!,,,,,,,,0,#DIV/0!,,,,
e-Learning course Introduction to energy statistics and energy accounts,2022,10/03/2022,11/18/2022,-,E-learn,Envi,EL,167,100,12,2,4,17,61,71,,167,79%,5,0,3,17,78,64,,167,85%,,,,
Producing and Using Gender Statistics to Monitor the SDGs and Implement the Pacific Roadmap for Solomon Islands,2022,10/10/2022,10/15/2022,Solomon Islands,Country,POS,F,46,30,,,,,,,,0,#DIV/0!,,,,,,,,0,#DIV/0!,,,,
Managing Social Media for NSO Communications,2022,10/18/2022,10/20/2022,-,Webinar,management,W,21,10,2,0,0,1,6,10,,19,84%,1,1,0,2,8,7,,19,79%,,,,
Moving Towards Register-based Population and Housing Censuses,2022,10/25/2022,10/27/2022,-,Webinar,POS,W,22,11,0,0,0,2,5,5,,12,83%,0,0,0,0,8,4,,12,100%,,,,
Statistical Literacy and Capacity Development for the Pacific,2022,10/24/2022,10/28/2022,Nadi,Subregional,methodology,F,18,9,0,0,0,2,12,4,,18,89%,0,0,2,5,6,5,,18,61%,,,,
Management Seminar for the Heads of National Statistical Offices in Asia and the Pacific,2022,12/14/2022,12/15/2022,Chiba,Regional,management,F,73,29,1,0,0,0,6,13,,20,95%,0,0,0,0,9,11,,20,100%,,,,
Machine Learning for Official Statistics and SDG Indicators,2023,11/21/2022,1/15/2023,-,E-learn,methodology,EL,241,150,21,3,6,31,122,62,,245,75%,18,3,11,41,120,52,,245,70%,,,,
Compiling climate change indicators: an accounting approach,2023,1/16/2023,2/24/2023,-,E-learn,Envi,EL,292,163,18,4,13,29,106,123,,293,78%,16,3,6,35,114,119,,293,80%,,,,
National Training: Producing and Using Gender Statistics to Monitor the SDGs and Implement the Pacific Roadmap in Tonga,2023,1/23/2023,1/27/2023,Tonga,Country,Country,F,36,26,0,0,0,2,8,12,,22,91%,0,0,0,1,10,11,,22,95%,,,,
Webinar on 2008 SNA Implementation,2023,2/22/2023,2/23/2023,-,Webinar,NA,W,99,63,,,,,,,,0,#DIV/0!,,,,,,,,0,#DIV/0!,,,,
Introduction to International Recommendations on Refugee and IDP Statistics           ,2023,3/13/2023,4/21/2023,-,E-learn,POS,EL,161,81,5,3,2,25,48,78,,161,78%,3,1,2,29,65,61,,161,78%,,,,
Increasing engagement around data and statistics – identifying and responding to user needs ,2023,3/27/2023,4/28/2023,-,E-learn,methodology,EL,368,243,12,0,1,7,103,261,,384,95%,10,1,,31,189,153,,384,89%,,,,
Regional Training Workshop on an Accounting Approach to Climate Change Statistics and Indicators,2023,04/11/2023,4/14/2023,Chiba,Regional,Envi,F,21,7,0,0,0,1,9,9,,19,95%,0,0,0,1,9,9,,19,95%,,,,
"Sustainable Development Goal 9 (SDG 9):  Industry, Innovation and Infrastructure ",2023,4/24/2023,5/26/2023,-,E-learn,NA,EL,97,51,,,,,,,,0,#DIV/0!,,,,,,,,0,#DIV/0!,,,,
Webinars on Indicators on business performance related to well-being and sustainability,2023,4/26/2023,9/23/2023,-,Webinar,NA,W,93,50,,,,,,,,0,#DIV/0!,,,,,,,,0,#DIV/0!,,,,
Regional training for SDG4 monitoring using MICS survey data,2023,5/15/2023,5/19/2023,Daejeon,Regional,POS,F,22,7,1,1,0,1,4,15,,22,86%,1,1,1,0,4,15,,22,86%,,,,
In-depth Training on Water Accounts,2023,5/15/2023,6/23/2023,-,E-learn,Envi,EL,428,232,10,9,17,10,120,100,,266,83%,10,9,15,16,117,99,,266,81%,,,,
Statistical Literacy and Capacity Development for the Pacific,2023,5/22/2023,5/26/2023,Nadi,Subregional,methodology,F,17,13,0,0,0,2,3,12,,17,88%,0,0,0,3,6,8,,17,82%,,,,
Subregional Training on Gender Statistics for Monitoring the Sustainable Development Goals,2023,5/29/2023,06/02/2023,Seoul,Subregional,POS,F,22,15,0,0,0,0,3,16,,19,100%,0,0,0,0,3,16,,19,100%,,,,
Regional Training Workshop on the System of Environmental-Economic Accounting,2023,06/05/2023,06/08/2023,Manila,Regional,Envi,F,45,30,0,0,0,4,15,26,,45,91%,0,0,0,2,15,28,,45,96%,,,,
Regional Training on Transition to Register-based Approaches for Population and Housing Censuses,2023,06/12/2023,6/15/2023,Ankara,Regional,POS,F,34,9,,,,,,,,0,#DIV/0!,,,,,,,,0,#DIV/0!,,,,
Statistical Leadership for Heads of National Statistical Offices,2023,6/14/2023,6/16/2023,Chiba,Regional,management,F,16,5,0,0,0,0,2,11,,13,100%,0,0,0,1,1,11,,13,92%,,,,
Regional Training Course on Big Data for Sustainable Development,2023,6/19/2023,6/23/2023,Daejeon,Regional,methodology,F,17,5,,,,,,,,0,#DIV/0!,,,,,,,,0,#DIV/0!,,,,
Disaster related statistics framework (Thailand National e-Learning course),2023,6/20/2023,09/08/2023,-,Country,Country,EL,228,163,0,0,0,20,77,89,,186,89%,0,1,4,31,80,70,,186,81%,,,,
Advanced Data Visualization for Official Statistics,2023,07/03/2023,7/28/2023,-,E-learn,methodology,EL,118,66,4,1,2,5,37,69,,118,90%,2,,1,9,46,60,,118,90%,,,,
Statistical Literacy and Capacity Development for the Pacific,2023,7/24/2023,7/28/2023,Guam,Subregional,methodology,F,22,11,,,,,5,11,,16,100%,,,1,1,9,6,,17,88%,,,,
Disaster related statistics framework ,2023,08/07/2023,9/15/2023,-,E-learn,Envi,EL,126,55,1,0,0,5,35,85,,126,95%,1,0,0,4,57,64,,126,96%,,,,
Sampling Techniques with Applications,2023,09/04/2023,09/08/2023,Ulaanbaatar,Country,Country,F,15,9,,,,,,,,0,#DIV/0!,,,,,,,,0,#DIV/0!,,,,
Disaster related statistics framework (DRSF) in Russian language ,2023,9/25/2023,10/08/2023,-,E-learn,Envi,EL,25,18,,,,,,,,0,#DIV/0!,,,,,,,,0,#DIV/0!,,,,
Regional Course on Consumer Price Index,2023,9/25/2023,9/29/2023,Chiba,Regional,NA,F,15,5,0,0,0,0,1,11,,12,100%,0,0,0,0,2,10,,12,100%,,,,
Webinar Series on Selected Topics on Management Aspects of Capacity Building ,2023,9/27/2023,9/28/2023,-,Webinar,management,W,52,33,,,,,,,,0,#DIV/0!,,,,,,,,0,#DIV/0!,,,,
System of Environmental Economic Accounting – Ecosystem Accounting (SEEA-EA),2023,10/02/2023,11/17/2023,-,E-learn,Envi,EL,209,126,2,1,5,24,70,107,,209,85%,0,3,4,30,88,84,,209,82%,,,,
Compiling climate change indicators: an accounting approach in Russian language ,2023,10/09/2023,10/22/2023,-,E-learn,Envi,EL,42,32,,,,,,,,0,#DIV/0!,,,,,,,,0,#DIV/0!,,,,
Subregional Training on Monitoring the lack of Financial Protection in health (SDG 3.8.2 and related indicators) ,2023,10/23/2023,10/26/2023,Chiba,Subregional,POS,F,8,5,0,0,0,0,1,7,,8,100%,0,0,0,0,2,6,,8,100%,,,,
Subregional Training on Gender Statistics for SDG Monitoring,2023,10/30/2023,11/03/2023,Daejeon,Subregional,POS,F,21,14,0,0,0,2,10,9,,21,90%,0,0,0,4,8,9,,21,81%,,,,
Workshop on the SEEA Central Framework,2023,10/30/2023,11/03/2023,Bhutan,Country,Envi,F,16,7,0,0,0,0,10,6,,16,100%,0,0,0,0,12,4,,16,100%,,,,
Compiling National Metadata for the Sustainable Development Goals in Russian language,2023,11/06/2023,11/24/2023,-,E-learn,methodology,EL,39,34,,,,,,,,0,#DIV/0!,,,,,,,,0,#DIV/0!,,,,
"Regional Course on Statistics on Informality: Definitions, Measurement, SDGs and Other Policy Indicators",2023,11/13/2023,11/17/2023,Chiba,Regional,NA,F,23,10,1,0,0,0,7,15,,23,96%,2,0,0,0,7,14,,23,91%,,,,
Theory and Practices in Offical Statistics for Monitoring Sustainable Development Goals (SDGs),2023,8/21/2023,12/01/2023,"Chiba, Japan",JICA,FOS,F,10,3,,,,,,,,,,,,,,,,,,,,,,
"Statistical Data and Metadata eXchange, SDMX",2023,11/15/2023,12/15/2023,-,E-learn,methodology,EL,66,25,,,,,,,,0,#DIV/0!,,,,,,,,0,#DIV/0!,,,,
National Strategy for the Development of Statistics (NSDS) and Advanced Data Planning Tool (ADAPT) ,2023,11/21/2023,11/23/2023,-,Webinar,management,W,17,10,0,0,0,1,6,5,,12,92%,0,0,0,3,7,2,,12,75%,,,,
Foundational Course on Statistical Business Registers in Russian language ,2023,11/27/2023,12/15/2023,-,E-learn,NA,EL,24,15,,,,,,,,0,#DIV/0!,,,,,,,,0,#DIV/0!,,,,
Training of Trainers on Quality of Statistics for SDGs,2023,12/11/2023,12/13/2023,Perak,Regional,management,F,43,27,1,0,0,6,15,11,,33,79%,0,1,0,7,14,11,,33,76%,,,,
Management Seminar for the Heads of National Statistical Offices in Asia and the Pacific,2023,12/14/2023,12/15/2023,Kuala Lumpur,Regional,management,F,69,28,0,0,0,1,16,39,,56,98%,0,0,0,1,18,37,,56,98%,,,,
Machine Learning for Official Statistics and SDG Indicators,2024,11/27/2023,1/19/2024,-,E-learn,methodology,EL,207,129,1,2,2,41,115,48,,209,78%,0,2,17,64,95,31,,209,60%,,,,
Webinar on Macroeconomic Statistics Framework,2024,1/23/2024,1/25/2024,-,Webinar,NA,W,187,112,1,,,4,45,37,,87,94%,2,,,16,44,25,,87,79%,,,,
Compilation of Energy and Air Emission Accounts,2024,02/05/2024,2/15/2024,Chiba,Regional,Envi,F,26,12,0,1,0,0,5,20,,26,96%,0,1,0,3,2,20,,26,85%,,,,
Webinar on the Management of Statistics Capacity Building in the Pacific,2024,2/21/2024,2/21/2024,-,Webinar,management,W,42,26,,,,,,,,0,#DIV/0!,,,,,,,,0,#DIV/0!,,,,
" Webinar on Measuring Digital Trade, 6 March 2024",2024,03/06/2024,03/06/2024,-,Webinar,NA,W,153,77,,,,,,,,,,,,,,,,,,,,,,
Regional Course on Statistical Business Registers,2024,03/11/2024,3/14/2024,Chiba,Regional,NA,F,19,9,0,0,1,0,2,16,,19,95%,0,0,1,0,4,14,,19,95%,,,,
Regional E-learning course on SEEA Central Framework ,2024,03/04/2024,04/02/2024,-,E-learn,Envi,EL,216,132,6,0,1,22,80,108,,217,87%,4,1,1,25,98,88,,217,86%,,,,
"The International Recommendations on Refugee, IDP and Statelessness Statistics",2024,04/01/2024,06/07/2024,-,E-learn,POS,EL,252,124,0,3,7,22,83,138,,253,87%,0,1,4,42,108,97,,252,81%,,,,
Machine Learning and GIS for Land Cover Estimation,2024,4/15/2024,4/26/2024,Port Vila,Country,methodology,F ,32,12,0,0,0,4,10,6,,20,80%,0,0,0,3,10,7,,20,85%,,,,
Principles of Reproducible Analytical Pipelines for Official Statistics:,2024,05/06/2024,5/31/2024,-,E-learn,methodology,EL,126,76,6,0,0,13,55,52,,126,85%,6,0,1,25,50,44,,126,75%,,,,
Bangladesh National training on Natural Resource Accounts (Land and Forest)   ,2024,5/22/2024,5/24/2024,Dhaka,Country,Envi,F ,34,10,2,,,4,18,16,,40,85%,2,,,1,16,21,,40,93%,,,,
North Pacific Sub-Regional Training Workshop on Climate Change Statistics and Indicators ,2024,6/17/2024,6/21/2024,Guam,Subregional,Envi,F ,12,3,1,,,,8,7,,16,94%,1,,,,5,10,,16,94%,,,,
Sub-Regional Training Workshop on Climate Change Statistics and Indicators,2024,06/03/2024,06/07/2024,Port Vila,Subregional,Envi,F ,23,13,,,,,,,,,,,,,,,,,,,,,,
GIS and Machine Learning for Land Cover Estimation,2024,07/08/2024,07/12/2024,Port Vila,Country,methodology,F ,17,6,0,0,0,3,4,3,,10,70%,0,0,0,3,10,7,,20,85%,,,,
Web Scrapping for CPI,2024,9/16/2024,9/20/2024,Bangkok,Regional,methodology,F,25,8,,,,2,12,5,,19,89%,0,0,0,2,12,5,,19,89%,,,,
Increasing User Engagement Around Data and Statistics,2024,08/12/2024,10/18/2024,--,E-learn,methodology,EL,701,431,48,5,7,27,205,413,,705,88%,37,5,11,45,234,374,,706,86%,,,,
Regional Training on Crime Statistics from a Gender Perspective,2024,09/03/2024,09/06/2024,Chiba,Regional,POS,F,20,11,,,,,,,,,,,,,,,,,,,,,,
Statistical Leadership for Heads of National Statistical Offices,2024,09/04/2024,09/06/2024,Ulaanbaatar,Regional,management,F ,18,7,1,,,,,14,,15,93%,,,,,3,12,,15,100%,,,,
Sub-Regional Workshop on an Accounting Approach to Climate Change and Biodiversity,2024,09/09/2024,09/12/2024,Kyrgyz,Subregional,Envi,F ,32,18,,,,,,,,,,,,,,,,,,,,,,
Quality of Statistics for SDGs,2024,9/23/2024,9/25/2024,Ulaanbaatar,Regional,management,F ,31,17,,,,,8,9,,17,100%,,,,1,8,8,,17,94%,,,,
Consumer Prce Index for the Pacific,2024,9/30/2024,10/04/2024,Nadi,Subregional,NA,F ,19,11,1,,,,,17,,18,94%,1,,,,7,10,,18,94%,,,,
Webinar on Enhancing Collaboration between NSO and Disaster Management for Smarter Disaster and Climate Resilience,2024,10/08/2024,10/08/2024,-,Webinar,Envi,W,149,88,,,,,,,,,,,,,,,,,,,,,,
Regional Training of Trainers on the Gender Statistics Training Curriculum for Monitoring the Sustainable Development Goals,2024,10/14/2024,10/17/2024,Seoul,Regional,POS,F,14,11,,,,,,,,,,,,,,,,,,,,,,
"Statistics on Informality: Definition, Measurement, SDGs and other policy indicators",2024,10/15/2024,10/18/2024,Chiba,Regional,NA,F,24,13,2,,,,7,11,,20,90%,1,,,2,9,8,,20,85%,,,,
Big Data: Innovative Methods and Applications for Achieving SDGs,2024,10/21/2024,10/25/2024,Chiba,Regional,methodology,F ,12,4,1,,,1,6,4,,12,83%,,1,,5,3,3,,12,50%,,,,
Compiling Climate Change Indicators: An Accounting Approach,2024,9/30/2024,11/08/2024,--,E-learn,Envi,EL,73,42,4,0,1,8,27,34,,74,82%,2,0,0,9,37,26,,74,85%,,,,
Disability Statistics for Tracking Inclusive and Sustainable Development,2024,9/30/2024,11/08/2024,--,E-learn,POS,EL,77,46,4,0,1,6,21,47,,79,86%,4,0,0,13,33,29,,79,78%,,,,
National Training of Trainers on Gender Statistics for SDG Monitoring,2024,11/04/2024,11/08/2024,Manila,Country,POS,F,51,34,,,,,,,,,,,,,,,,,,,,,,
Computer Assisted Personal Interviewing (CAPI) using Survey Solutions for the Pacific,2024,11/18/2024,11/24/2024,Nadi,Subregional,methodology,F ,24,10,0,0,0,0,5,19,,24,100%,,,,4,9,11,,24,83%,,,,
Theory and Practice in Official Statistics for Monitoring SDGs,2024,8/19/2024,11/29/2024,Chiba,Regional,JICA,F ,9,4,0,0,0,0,3,5,,8,100%,,,,1,2,5,,8,88%,,,,
National Strategy for the Development of Statsitics (NSDS),2024,12/03/2024,12/05/2024,-,Webinar,management,W,29,18,1,0,3,6,14,5,,29,66%,1,1,1,8,14,4,,29,62%,,,,
 Solid Waste Accounting,2024,11/11/2024,12/06/2024,-,E-learn,Envi,EL,128,73,,,,,,,,,,,,,,,,,,,,,,
Management Seminar for Heads of National Statistical Offices in Asia and the Pacific,2024,12/10/2024,12/20/2024,Bangkok,Regional,management,F,85,36,,,,,,,,,,,,,,,,,,,,,,
Data Visualization for Official Statistics and the SDGs,2024,11/11/2024,12/27/2024,,E-learn,methodology,EL,98,61,2,0,2,4,42,49,,99,92%,1,1,1,11,56,29,,99,86%,1757,2152,0.816449814,
Consumer Price Index Compilation methods,2025,1/20/2025,1/24/2025,Chiba,Regional,NA,F,9,2,,,,1,1,7,,9,89%,,,1,1,4,3,,9,78%,,,,
A strategic approach to competence development: Implementing the Statistical Training needs Assessment Tool (STAT),2025,1/13/2025,1/17/2025,Greater Noida,Country,Country,F,32,9,,,,1,5,26,,32,97%,,,,3,4,25,,32,91%,,,,
Using administrative data to produce official statistics,2025,1/20/2025,2/21/2025,-,E-Learn,methodology,EL,1122,660,68,9,23,74,370,606,,1150,85%,58,9,26,128,465,464,,1150,81%,,,,
Workshop on Machine Learning for Official Statistics in Asia-Pacific countries,2025,02/03/2025,02/07/2025,Jakarta,Regional,methodology,F ,22,10,0,0,0,1,9,8,,18,94%,0,0,0,2,10,6,,18,89%,,,,
Principles of Reproducible Analytical Pipelines for Official Statistics,2025,2/17/2025,3/14/2025,-,E-Learn,official statistics,EL,245,119,4,1,3,20,80,138,,246,89%,4,3,2,29,108,100,,246,85%,,,,
National Workshop on Measuring Natural Resources ,2025,2/17/2025,2/20/2025,Greater Noida,Country,Country,F,43,6,,,,,10,33,,43,100%,,,,,6,37,,43,100%,,,,
National Training on Producing and Using Gender Statistics for Monitoring the SDGs in Bangladesh,2025,2/23/2025,2/26/2025,Dhaka,Country,Country,F,33,22,1,0,0,0,7,13,,21,95%,1,0,0,0,9,11,,21,95%,,,,
"Introductory webinar on the 2025 System of National Accounts for the Pacific,",2025,3/25/2025,3/25/2025,-,Webinar,NA,W,60,26,,,,,,,,,,,,,,,,,,,,,,
Introductory webinar on the 2025 System of National Accounts for the Asia,2025,3/27/2025,3/27/2025,-,Webinar,NA,W,182,112,,,,,,,,,,,,,,,,,,,,,,
Disaster related statistics framework,2025,03/03/2025,04/07/2025,-,E-Learn,Envi,EL,116,71,1,0,0,7,43,66,,117,93%,1,0,0,12,57,47,,117,89%,,,,
Enhancing External Debt Statistics for Greater Transparency and Sustainability ,2025,04/07/2025,04/11/2025,Chiba,Regional,NA,F,17,12,,,,1,3,11,,15,93%,,,,,8,7,,15,100%,,,,
"Webinar, Update of the SEEA Central Framework",2025,4/16/2025,4/16/2025,-,Webinar,Envi,W,81,48,,,,,,,,,,,,,,,,,,,,,,
Regional Training on Big Data and Data Science for Gender Statistics in Asia and the Pacific,2025,4/21/2025,4/25/2025,Daejeon,Regional,methodology,F,22,14,,,,,6,16,,22,100%,,,,2,9,11,,22,91%,,,,
Enhancing Statistical Leadership for heads of NSOs,2025,5/28/2025,5/30/2025,Chiba,Regional,management,F ,12,5,,,,,4,5,,9,100%,,,,2,1,6,,9,78%,,,,
System of Environmental Economic Accounting,2025,4/14/2025,5/31/2025,-,E-Learn,Envi,EL,331,177,2,1,4,32,123,172,,334,88%,2,1,5,58,167,101,,334,80%,,,,
Measuring Energy for Sustainable Development ,2025,5/13/2025,5/16/2025,Chiba,Regional,Envi,F,26,13,,,,,4,22,,26,100%,,,,,5,21,,26,100%,,,,
"Compiling Climate Change Related Statistics, Accounts and Indicators",2025,5/19/2025,5/22/2025,Fiji,Subregional,Envi,F,15,10,,,,,4,11,,15,100%,,,,1,3,11,,15,93%,,,,
SEEA Asset Accounts for Sustainable Development ,2025,6/16/2025,6/19/2025,Chiba,Regional,Envi,F,23,10,,,,,2,21,,23,100%,,,,,4,19,,23,100%,,,,
R for Official Statistics,2025,06/03/2025,06/06/2025,-,E-learn,methodology,EL,749,422,52,5,14,67,241,371,,750,82%,42,9,11,88,268,332,,750,80%,,,,
"Data Ethics, Governance, and Quality in a Changing Data Ecosystem",2025,7/14/2025,7/16/2025,New Delhi,Regional,management,F,18,3,,,,,,,,,,,,,,,,,,,,,,
"Data Ethics, Governance, and Quality in a Changing Data Ecosystem",2025,7/17/2025,7/18/2025,New Delhi,Country,Country,F,28,4,,,,,,,,,,,,,,,,,,,,,,‘
Webinar series on the 2025 System of National Accounts Implementation,2025,06/03/2025,7/22/2025,-,Webinar,NA,W,389,248,,,,,,,,,,,,,,,,,,,,,,
"Harnessing Gender Data for SDG Monitoring, Policy Making and Action",2025,7/21/2025,7/24/2025,Seoul,Regional,POS,F,25,19,1,0,0,1,4,19,,25,92%,0,0,0,0,6,19,,25,100%,,,,
Measuring Material Flows in the SDGs,2025,08/11/2025,09/05/2025,-,E-Learn,Envi,EL,390,218,7,5,6,55,122,195,,390,81%,5,0,4,49,142,190,,390,85%,,,,
E-Learning Machine Learning for Official Statistics and SDG Indicators ,2025,08/11/2025,9/26/2025,-,E-Learn,methodology,EL,600,323,46,46,28,56,173,254,,603,71%,50,40,17,56,166,274,,603,73%,,,,
Strengthening Stakeholder Capacity to Produce and Use Gender Data for Inclusive Development in Vanuatu,2025,09/01/2025,09/04/2025,Port Vila,Country,Country,F,18,9,0,0,0,0,4,14,,18,100%,0,0,0,0,3,15,,18,100%,,,,
Ecosystem Accounting in Support of the Sustainable Development Goals and Global Biodiversity Framework ,2025,09/08/2025,09/11/2025,Jakarta,Regional,Envi,F,42,24,,,,2,10,30,,42,95%,,,,3,8,31,,42,93%,3183,3908,0.814483112,<-as of Sep 30
Agriculture Statistics Capacity Building Workshop ,2025,10/06/2025,10/10/2025,Chiba,Regional,NA,F,21,8,,,,,11,10,,21,100%,,,,,5,16,,21,100%,,,,
Sub-regional Workshop on Data Visualization,2025,10/08/2025,10/10/2025,Astana,Regional,methodology,F,23,12,,,,,6,9,,15,100%,,,,1,6,8,,15,93%,,,,
Crime Statistics from a Gender Perspective 3.0,2025,8/18/2025,10/10/2025,-,E-learn,POS,EL,164,100,0,0,3,12,50,99,,164,91%,0,1,0,16,70,77,,164,90%,,,,
Subregional Workshop on International Recommendations in Preparation for the 2030 Round of Population and Housing Censuses in the Pacific ,2025,10/13/2025,10/17/2025,Nadi,Subregional,POS,F,26,17,0,0,0,0,6,20,,26,100%,0,0,0,0,10,16,,26,100%,,,,
Theory and Practice in Official Statistics for Monitoring SDGs,2025,7/28/2025,10/31/2025,Chiba,Regional,JICA,F ,17,5,0,0,0,0,7,10,,17,100%,0,0,0,2,8,7,,17,88%,,,,
Regional course on statistics on informality,2025,10/27/2025,10/31/2025,Chiba,Regional,NA,F,10,3,,,,,5,5,,10,100%,,,,,4,6,,10,100%,,,,
Regional Workshop on Disaster Related Statistics,2025,10/27/2025,10/31/2025,Daejeon,Regional,Envi,F,27,14,,,,,,,,,,,,,,,,,,,,,,
Training on Big Data and Data Science for Gender Statistics in Asia and the Pacific ,2025,10/26/2025,10/30/2025,Bangkok,Regional,methodology,F ,13,9,1,0,0,0,3,8,,12,92%,0,0,0,1,5,6,,12,92%,,,,
Introduction to concepts and methods related to the monetary valuation of ecosystem services and ecosystem assets,2025,10/06/2025,11/07/2025,-,E-learn,Envi,EL,384,214,,,,,,,,,,,,,,,,,,,,,,
Webinar Regional Training Course on the National Strategy for the Development of Statistics (NSDS),2025,11/18/2025,11/20/2025,-,Webinar,management,W,127,76,,,,6,20,26,,52,88%,,,,15,15,22,,52,71%,3464,4225,0.819881657,
Measuring the Sustainability of Tourism in Asia and the Pacific,2025,11/18/2025,11/20/2025,Brunei,Regional,Envi,F ,13,8,,,,,,,,,,,,,,,,,,,,,,
Management Seminar for Heads of NSOs,2025,12/02/2025,12/03/2025,Chiba,Regional,management,F,40,19,,,,,12,27,,39,100%,,,,,12,27,,39,100%,,,,
Inception Workshop on SEEA-Related Indicators for the Global Biodiversity Framework (GBF),2025,12/16/2025,12/19/2025,Jakarta,Country,Country,F ,70,34,,,,,,,,,,,,,,,,,,,,,,
E-learning Energy statistics and balances,2026,1/19/2026,03/06/2026,-,E-learn,Envi,EL,150,95,,,,,,,,,,,,,,,,,,,,,,
Training on Supply and Use Tables,2026,03/02/2026,03/05/2026,Kiribati,Country,Country,F,13,12,,,,,3,9,,12,100%,,,1,1,3,7,,12,83%,,,,
Increasing engagement around data and statistics- identifying and responding to user needs ,2026,2/16/2026,3/20/2026,-,E-learn,methodology,EL,645,359,37,3,16,34,154,402,,646,86%,30,2,13,31,204,366,,646,88%,,,,
"IMF – Singapore Regional Training Institute, Macro-relevant Environment and Climate Change Statistics",2026,03/02/2026,03/06/2026,Singapore,Regional,Envi,F ,28,14,,,,,,,,,,,,,,,,,,,,,,
Data Science for Official Statistics-Paro,2026,3/23/2025,3/27/2025,Paro,Country,methodology,F,29,12,0,0,0,1,10,17,,28,96%,0,0,0,4,11,13,,28,86%,,,,
Webinar on the Global Consultation on Guidance Notes for the SEEA Central Framework Update,2026,04/01/2026,04/01/2026,-,Webinar,Envi,W,89,42,,,,,,,,,,,,,,,,,,,,,,
Digitalization on the 2025 System of National Accounts,2026,3/17/2026,04/07/2026,-,Webinar,NA,W,271,172,0,0,1,1,12,4,,18,89%,0,0,0,5,12,1,,18,72%,,,,
Enhancing Statistical Leadership for Heads of NSOs,2026,05/06/2026,05/08/2026,Ankara,Regional,management,F ,13,2,,,,,3,8,,11,100%,,,,,3,8,,11,100%,,,,
